file,emotion
000-001,happiness
000-002,happiness
000-003,happiness
000-004,happiness
000-005,happiness
000-006,happiness
000-007,happiness
000-008,happiness
000-009,happiness
000-010,happiness
000-012,happiness
000-014,happiness
000-015,happiness
000-017,happiness
000-021,happiness
000-037,happiness
000-038,happiness
000-045,happiness
000-047,happiness
000-048,happiness
000-051,surprise
000-052,surprise
000-053,surprise
000-055,surprise
000-056,surprise
000-061,surprise
000-062,surprise
000-063,surprise
000-066,surprise
000-070,surprise
000-072,surprise
000-076,surprise
000-083,surprise
000-087,surprise
000-088,surprise
000-089,surprise
000-091,surprise
000-092,surprise
000-097,surprise
000-099,surprise
000-101,neutral
000-102,neutral
000-103,neutral
000-105,neutral
000-107,neutral
000-108,neutral
000-109,neutral
000-110,neutral
000-111,neutral
000-113,neutral
000-114,neutral
000-115,neutral
000-116,neutral
000-118,neutral
000-119,neutral
000-120,neutral
000-123,neutral
000-124,neutral
000-127,neutral
000-128,neutral
000-151,fear
000-152,fear
000-153,fear
000-154,fear
000-158,fear
000-171,fear
000-172,fear
000-179,fear
000-181,fear
000-182,fear
000-183,fear
000-184,fear
000-185,fear
000-186,fear
000-187,fear
000-189,fear
000-192,fear
000-197,fear
000-199,fear
000-200,fear
000-201,disgust
000-202,disgust
000-204,disgust
000-206,disgust
000-208,disgust
000-209,disgust
000-210,disgust
000-211,disgust
000-212,disgust
000-216,disgust
000-218,disgust
000-221,disgust
000-222,disgust
000-225,disgust
000-232,disgust
000-238,disgust
000-241,disgust
000-244,disgust
000-245,disgust
000-248,disgust
000-251,anger
000-252,anger
000-255,anger
000-257,anger
000-258,anger
000-263,anger
000-264,anger
000-267,anger
000-271,anger
000-275,anger
000-277,anger
000-280,anger
000-285,anger
000-287,anger
000-289,anger
000-292,anger
000-294,anger
000-296,anger
000-297,anger
000-298,anger
000-301,sadness
000-302,sadness
000-305,sadness
000-313,sadness
000-314,sadness
000-321,sadness
000-323,sadness
000-326,sadness
000-328,sadness
000-329,sadness
000-331,sadness
000-336,sadness
000-339,sadness
000-342,sadness
000-343,sadness
000-344,sadness
000-346,sadness
000-347,sadness
000-348,sadness
000-349,sadness
001-003,happiness
001-004,happiness
001-011,happiness
001-012,happiness
001-013,happiness
001-014,happiness
001-015,happiness
001-016,happiness
001-017,happiness
001-020,happiness
001-021,happiness
001-022,happiness
001-023,happiness
001-024,happiness
001-026,happiness
001-027,happiness
001-028,happiness
001-029,happiness
001-030,happiness
001-031,happiness
001-032,happiness
001-033,happiness
001-036,happiness
001-037,happiness
001-040,happiness
001-042,happiness
001-043,happiness
001-045,happiness
001-046,happiness
001-047,happiness
001-048,happiness
001-050,happiness
001-051,surprise
001-056,surprise
001-060,surprise
001-061,surprise
001-062,surprise
001-063,surprise
001-066,surprise
001-068,surprise
001-069,surprise
001-070,surprise
001-071,surprise
001-073,surprise
001-075,surprise
001-078,surprise
001-082,surprise
001-085,surprise
001-086,surprise
001-087,surprise
001-088,surprise
001-089,surprise
001-090,surprise
001-091,surprise
001-092,surprise
001-093,surprise
001-094,surprise
001-095,surprise
001-096,surprise
001-097,surprise
001-098,surprise
001-099,surprise
001-100,surprise
001-101,neutral
001-102,neutral
001-103,neutral
001-104,neutral
001-105,neutral
001-106,neutral
001-108,neutral
001-109,neutral
001-112,neutral
001-113,neutral
001-114,neutral
001-116,neutral
001-117,neutral
001-118,neutral
001-119,neutral
001-121,neutral
001-123,neutral
001-124,neutral
001-125,neutral
001-128,neutral
001-140,neutral
001-141,neutral
001-142,neutral
001-143,neutral
001-144,neutral
001-145,neutral
001-146,neutral
001-147,neutral
001-148,neutral
001-149,neutral
001-150,neutral
001-151,fear
001-152,fear
001-153,fear
001-155,fear
001-156,fear
001-157,fear
001-158,fear
001-162,fear
001-165,fear
001-166,fear
001-167,fear
001-168,fear
001-169,fear
001-170,fear
001-171,fear
001-173,fear
001-176,fear
001-177,fear
001-178,fear
001-181,fear
001-182,fear
001-191,fear
001-192,fear
001-193,fear
001-194,fear
001-195,fear
001-196,fear
001-197,fear
001-198,fear
001-199,fear
001-200,fear
001-202,disgust
001-203,disgust
001-204,disgust
001-206,disgust
001-208,disgust
001-209,disgust
001-210,disgust
001-211,disgust
001-212,disgust
001-213,disgust
001-214,disgust
001-215,disgust
001-217,disgust
001-219,disgust
001-220,disgust
001-221,disgust
001-223,disgust
001-224,disgust
001-225,disgust
001-226,disgust
001-237,disgust
001-241,disgust
001-242,disgust
001-243,disgust
001-244,disgust
001-245,disgust
001-246,disgust
001-247,disgust
001-248,disgust
001-249,disgust
001-250,disgust
001-251,anger
001-252,anger
001-254,anger
001-255,anger
001-256,anger
001-257,anger
001-258,anger
001-259,anger
001-260,anger
001-261,anger
001-262,anger
001-264,anger
001-266,anger
001-268,anger
001-270,anger
001-271,anger
001-272,anger
001-274,anger
001-275,anger
001-277,anger
001-287,anger
001-288,anger
001-291,anger
001-292,anger
001-293,anger
001-294,anger
001-295,anger
001-296,anger
001-297,anger
001-299,anger
001-300,anger
001-301,sadness
001-302,sadness
001-305,sadness
001-306,sadness
001-308,sadness
001-309,sadness
001-311,sadness
001-312,sadness
001-318,sadness
001-319,sadness
001-320,sadness
001-322,sadness
001-323,sadness
001-324,sadness
001-325,sadness
001-329,sadness
001-330,sadness
001-331,sadness
001-332,sadness
001-334,sadness
001-336,sadness
001-337,sadness
001-339,sadness
001-341,sadness
001-342,sadness
001-343,sadness
001-344,sadness
001-345,sadness
001-346,sadness
001-347,sadness
001-348,sadness
001-349,sadness
002-001,happiness
002-002,happiness
002-003,happiness
002-004,happiness
002-005,happiness
002-006,happiness
002-007,happiness
002-008,happiness
002-009,happiness
002-010,happiness
002-026,happiness
002-047,happiness
002-051,surprise
002-052,surprise
002-053,surprise
002-054,surprise
002-055,surprise
002-056,surprise
002-057,surprise
002-058,surprise
002-059,surprise
002-060,surprise
002-070,surprise
002-082,surprise
002-101,neutral
002-102,neutral
002-103,neutral
002-104,neutral
002-105,neutral
002-106,neutral
002-107,neutral
002-108,neutral
002-109,neutral
002-110,neutral
002-118,neutral
002-124,neutral
002-151,fear
002-152,fear
002-153,fear
002-154,fear
002-155,fear
002-156,fear
002-157,fear
002-158,fear
002-159,fear
002-160,fear
002-182,fear
002-200,fear
002-201,disgust
002-202,disgust
002-203,disgust
002-204,disgust
002-205,disgust
002-206,disgust
002-207,disgust
002-208,disgust
002-209,disgust
002-210,disgust
002-227,disgust
002-248,disgust
002-251,anger
002-252,anger
002-253,anger
002-254,anger
002-255,anger
002-256,anger
002-257,anger
002-258,anger
002-259,anger
002-260,anger
002-268,anger
002-283,anger
002-301,sadness
002-302,sadness
002-303,sadness
002-304,sadness
002-305,sadness
002-306,sadness
002-307,sadness
002-308,sadness
002-309,sadness
002-310,sadness
002-322,sadness
002-333,sadness
003-011,happiness
003-012,happiness
003-013,happiness
003-014,happiness
003-015,happiness
003-016,happiness
003-017,happiness
003-018,happiness
003-019,happiness
003-020,happiness
003-021,happiness
003-026,happiness
003-030,happiness
003-061,surprise
003-062,surprise
003-063,surprise
003-064,surprise
003-065,surprise
003-066,surprise
003-067,surprise
003-068,surprise
003-069,surprise
003-070,surprise
003-071,surprise
003-076,surprise
003-089,surprise
003-111,neutral
003-112,neutral
003-113,neutral
003-114,neutral
003-115,neutral
003-116,neutral
003-117,neutral
003-118,neutral
003-119,neutral
003-120,neutral
003-132,neutral
003-137,neutral
003-145,neutral
003-152,fear
003-154,fear
003-161,fear
003-162,fear
003-163,fear
003-164,fear
003-165,fear
003-166,fear
003-167,fear
003-168,fear
003-169,fear
003-170,fear
003-182,fear
003-210,disgust
003-211,disgust
003-212,disgust
003-213,disgust
003-214,disgust
003-215,disgust
003-216,disgust
003-217,disgust
003-218,disgust
003-219,disgust
003-220,disgust
003-221,disgust
003-223,disgust
003-261,anger
003-262,anger
003-263,anger
003-264,anger
003-265,anger
003-266,anger
003-267,anger
003-268,anger
003-269,anger
003-270,anger
003-286,anger
003-287,anger
003-288,anger
003-302,sadness
003-303,sadness
003-309,sadness
003-311,sadness
003-312,sadness
003-313,sadness
003-314,sadness
003-315,sadness
003-316,sadness
003-317,sadness
003-318,sadness
003-319,sadness
003-320,sadness
004-004,happiness
004-005,happiness
004-019,happiness
004-021,happiness
004-022,happiness
004-023,happiness
004-024,happiness
004-025,happiness
004-026,happiness
004-027,happiness
004-028,happiness
004-029,happiness
004-030,happiness
004-052,surprise
004-062,surprise
004-071,surprise
004-072,surprise
004-073,surprise
004-074,surprise
004-075,surprise
004-076,surprise
004-077,surprise
004-078,surprise
004-079,surprise
004-080,surprise
004-082,surprise
004-112,neutral
004-118,neutral
004-121,neutral
004-122,neutral
004-123,neutral
004-124,neutral
004-125,neutral
004-126,neutral
004-127,neutral
004-128,neutral
004-129,neutral
004-130,neutral
004-134,neutral
004-166,fear
004-170,fear
004-171,fear
004-172,fear
004-173,fear
004-174,fear
004-175,fear
004-176,fear
004-177,fear
004-178,fear
004-179,fear
004-180,fear
004-188,fear
004-203,disgust
004-210,disgust
004-213,disgust
004-221,disgust
004-222,disgust
004-223,disgust
004-224,disgust
004-225,disgust
004-226,disgust
004-227,disgust
004-228,disgust
004-229,disgust
004-230,disgust
004-259,anger
004-264,anger
004-271,anger
004-272,anger
004-273,anger
004-274,anger
004-275,anger
004-276,anger
004-277,anger
004-278,anger
004-279,anger
004-280,anger
004-298,anger
004-308,sadness
004-311,sadness
004-321,sadness
004-322,sadness
004-323,sadness
004-324,sadness
004-325,sadness
004-326,sadness
004-327,sadness
004-328,sadness
004-329,sadness
004-330,sadness
004-333,sadness
005-005,happiness
005-007,happiness
005-017,happiness
005-026,happiness
005-031,happiness
005-032,happiness
005-033,happiness
005-034,happiness
005-035,happiness
005-036,happiness
005-037,happiness
005-038,happiness
005-039,happiness
005-040,happiness
005-055,surprise
005-059,surprise
005-061,surprise
005-067,surprise
005-081,surprise
005-082,surprise
005-083,surprise
005-084,surprise
005-085,surprise
005-086,surprise
005-087,surprise
005-088,surprise
005-089,surprise
005-090,surprise
005-101,neutral
005-108,neutral
005-110,neutral
005-126,neutral
005-131,neutral
005-132,neutral
005-133,neutral
005-134,neutral
005-135,neutral
005-136,neutral
005-137,neutral
005-138,neutral
005-139,neutral
005-140,neutral
005-151,fear
005-154,fear
005-160,fear
005-166,fear
005-181,fear
005-182,fear
005-183,fear
005-184,fear
005-185,fear
005-186,fear
005-187,fear
005-188,fear
005-189,fear
005-190,fear
005-207,disgust
005-209,disgust
005-221,disgust
005-231,disgust
005-232,disgust
005-233,disgust
005-234,disgust
005-235,disgust
005-236,disgust
005-237,disgust
005-238,disgust
005-239,disgust
005-240,disgust
005-252,anger
005-255,anger
005-259,anger
005-261,anger
005-281,anger
005-282,anger
005-283,anger
005-284,anger
005-285,anger
005-286,anger
005-287,anger
005-288,anger
005-289,anger
005-290,anger
005-291,anger
005-303,sadness
005-311,sadness
005-314,sadness
005-331,sadness
005-332,sadness
005-333,sadness
005-334,sadness
005-335,sadness
005-336,sadness
005-337,sadness
005-338,sadness
005-339,sadness
005-340,sadness
005-344,sadness
006-004,happiness
006-014,happiness
006-032,happiness
006-041,happiness
006-042,happiness
006-043,happiness
006-044,happiness
006-045,happiness
006-046,happiness
006-047,happiness
006-048,happiness
006-049,happiness
006-050,happiness
006-052,surprise
006-072,surprise
006-085,surprise
006-091,surprise
006-092,surprise
006-093,surprise
006-094,surprise
006-095,surprise
006-096,surprise
006-097,surprise
006-098,surprise
006-099,surprise
006-100,surprise
006-105,neutral
006-113,neutral
006-122,neutral
006-141,neutral
006-142,neutral
006-143,neutral
006-144,neutral
006-145,neutral
006-146,neutral
006-147,neutral
006-148,neutral
006-149,neutral
006-150,neutral
006-154,fear
006-166,fear
006-173,fear
006-181,fear
006-182,fear
006-190,fear
006-192,fear
006-193,fear
006-194,fear
006-195,fear
006-197,fear
006-199,fear
006-200,fear
006-209,disgust
006-219,disgust
006-227,disgust
006-241,disgust
006-242,disgust
006-243,disgust
006-244,disgust
006-245,disgust
006-246,disgust
006-247,disgust
006-248,disgust
006-249,disgust
006-250,disgust
006-252,anger
006-254,anger
006-272,anger
006-288,anger
006-289,anger
006-291,anger
006-293,anger
006-294,anger
006-296,anger
006-297,anger
006-298,anger
006-299,anger
006-300,anger
006-303,sadness
006-309,sadness
006-327,sadness
006-341,sadness
006-342,sadness
006-343,sadness
006-344,sadness
006-345,sadness
006-346,sadness
006-347,sadness
006-348,sadness
006-349,sadness
006-350,sadness
007-001,happiness
007-002,happiness
007-003,happiness
007-004,happiness
007-005,happiness
007-006,happiness
007-007,happiness
007-008,happiness
007-009,happiness
007-010,happiness
007-017,happiness
007-024,happiness
007-029,happiness
007-051,surprise
007-052,surprise
007-053,surprise
007-054,surprise
007-055,surprise
007-056,surprise
007-057,surprise
007-058,surprise
007-059,surprise
007-060,surprise
007-062,surprise
007-067,surprise
007-069,surprise
007-101,neutral
007-102,neutral
007-103,neutral
007-104,neutral
007-105,neutral
007-106,neutral
007-107,neutral
007-108,neutral
007-109,neutral
007-110,neutral
007-112,neutral
007-118,neutral
007-122,neutral
007-151,fear
007-152,fear
007-153,fear
007-154,fear
007-155,fear
007-156,fear
007-157,fear
007-158,fear
007-159,fear
007-160,fear
007-167,fear
007-173,fear
007-182,fear
007-201,disgust
007-202,disgust
007-203,disgust
007-204,disgust
007-205,disgust
007-206,disgust
007-207,disgust
007-208,disgust
007-209,disgust
007-210,disgust
007-218,disgust
007-221,disgust
007-224,disgust
007-225,disgust
007-251,anger
007-252,anger
007-253,anger
007-254,anger
007-255,anger
007-256,anger
007-257,anger
007-258,anger
007-259,anger
007-260,anger
007-272,anger
007-285,anger
007-290,anger
007-301,sadness
007-302,sadness
007-303,sadness
007-304,sadness
007-305,sadness
007-306,sadness
007-307,sadness
007-308,sadness
007-309,sadness
007-310,sadness
007-328,sadness
007-339,sadness
007-343,sadness
008-006,happiness
008-011,happiness
008-012,happiness
008-013,happiness
008-014,happiness
008-015,happiness
008-016,happiness
008-017,happiness
008-018,happiness
008-019,happiness
008-020,happiness
008-042,happiness
008-055,surprise
008-061,surprise
008-062,surprise
008-063,surprise
008-064,surprise
008-065,surprise
008-066,surprise
008-067,surprise
008-068,surprise
008-069,surprise
008-070,surprise
008-075,surprise
008-110,neutral
008-111,neutral
008-112,neutral
008-113,neutral
008-114,neutral
008-115,neutral
008-116,neutral
008-117,neutral
008-118,neutral
008-119,neutral
008-120,neutral
008-149,neutral
008-159,fear
008-161,fear
008-162,fear
008-163,fear
008-164,fear
008-165,fear
008-166,fear
008-167,fear
008-168,fear
008-169,fear
008-170,fear
008-200,fear
008-203,disgust
008-211,disgust
008-212,disgust
008-213,disgust
008-214,disgust
008-215,disgust
008-216,disgust
008-217,disgust
008-218,disgust
008-219,disgust
008-220,disgust
008-223,disgust
008-260,anger
008-261,anger
008-262,anger
008-263,anger
008-264,anger
008-265,anger
008-266,anger
008-267,anger
008-268,anger
008-269,anger
008-270,anger
008-281,anger
008-309,sadness
008-311,sadness
008-312,sadness
008-313,sadness
008-314,sadness
008-315,sadness
008-316,sadness
008-317,sadness
008-318,sadness
008-319,sadness
008-320,sadness
008-321,sadness
009-006,happiness
009-008,happiness
009-013,happiness
009-016,happiness
009-021,happiness
009-022,happiness
009-023,happiness
009-024,happiness
009-025,happiness
009-026,happiness
009-027,happiness
009-028,happiness
009-029,happiness
009-030,happiness
009-051,surprise
009-053,surprise
009-057,surprise
009-058,surprise
009-071,surprise
009-072,surprise
009-073,surprise
009-074,surprise
009-075,surprise
009-076,surprise
009-077,surprise
009-078,surprise
009-079,surprise
009-080,surprise
009-102,neutral
009-106,neutral
009-107,neutral
009-121,neutral
009-122,neutral
009-123,neutral
009-124,neutral
009-125,neutral
009-126,neutral
009-127,neutral
009-128,neutral
009-129,neutral
009-130,neutral
009-152,fear
009-153,fear
009-154,fear
009-158,fear
009-171,fear
009-172,fear
009-173,fear
009-174,fear
009-175,fear
009-176,fear
009-177,fear
009-178,fear
009-179,fear
009-180,fear
009-203,disgust
009-206,disgust
009-207,disgust
009-209,disgust
009-221,disgust
009-222,disgust
009-223,disgust
009-224,disgust
009-225,disgust
009-226,disgust
009-227,disgust
009-228,disgust
009-229,disgust
009-230,disgust
009-252,anger
009-254,anger
009-256,anger
009-259,anger
009-271,anger
009-272,anger
009-273,anger
009-274,anger
009-275,anger
009-276,anger
009-277,anger
009-278,anger
009-279,anger
009-280,anger
009-301,sadness
009-303,sadness
009-306,sadness
009-309,sadness
009-321,sadness
009-322,sadness
009-323,sadness
009-324,sadness
009-325,sadness
009-326,sadness
009-327,sadness
009-328,sadness
009-329,sadness
009-330,sadness
040-002,happiness
040-006,happiness
040-014,happiness
040-041,happiness
040-042,happiness
040-043,happiness
040-044,happiness
040-045,happiness
040-046,happiness
040-047,happiness
040-048,happiness
040-049,happiness
040-050,happiness
040-053,surprise
040-055,surprise
040-071,surprise
040-076,surprise
040-091,surprise
040-092,surprise
040-093,surprise
040-094,surprise
040-095,surprise
040-096,surprise
040-097,surprise
040-098,surprise
040-099,surprise
040-141,neutral
040-142,neutral
040-143,neutral
040-144,neutral
040-145,neutral
040-146,neutral
040-147,neutral
040-148,neutral
040-149,neutral
040-150,neutral
040-162,fear
040-166,fear
040-182,fear
040-191,fear
040-192,fear
040-193,fear
040-194,fear
040-195,fear
040-196,fear
040-197,fear
040-198,fear
040-199,fear
040-200,fear
040-208,disgust
040-209,disgust
040-210,disgust
040-241,disgust
040-242,disgust
040-243,disgust
040-244,disgust
040-245,disgust
040-246,disgust
040-247,disgust
040-248,disgust
040-249,disgust
040-250,disgust
040-252,anger
040-259,anger
040-268,anger
040-291,anger
040-292,anger
040-293,anger
040-294,anger
040-295,anger
040-296,anger
040-297,anger
040-298,anger
040-299,anger
040-300,anger
040-302,sadness
040-314,sadness
040-321,sadness
040-328,sadness
040-341,sadness
040-342,sadness
040-343,sadness
040-344,sadness
040-345,sadness
040-346,sadness
040-347,sadness
040-348,sadness
040-350,sadness
041-001,happiness
041-002,happiness
041-003,happiness
041-004,happiness
041-005,happiness
041-006,happiness
041-007,happiness
041-008,happiness
041-009,happiness
041-010,happiness
041-011,happiness
041-012,happiness
041-013,happiness
041-014,happiness
041-015,happiness
041-016,happiness
041-017,happiness
041-018,happiness
041-019,happiness
041-020,happiness
041-051,surprise
041-052,surprise
041-053,surprise
041-054,surprise
041-055,surprise
041-056,surprise
041-057,surprise
041-058,surprise
041-059,surprise
041-060,surprise
041-061,surprise
041-062,surprise
041-063,surprise
041-064,surprise
041-065,surprise
041-066,surprise
041-067,surprise
041-068,surprise
041-069,surprise
041-070,surprise
041-101,neutral
041-102,neutral
041-103,neutral
041-104,neutral
041-105,neutral
041-106,neutral
041-107,neutral
041-108,neutral
041-109,neutral
041-110,neutral
041-111,neutral
041-112,neutral
041-113,neutral
041-114,neutral
041-115,neutral
041-116,neutral
041-117,neutral
041-118,neutral
041-119,neutral
041-120,neutral
041-151,fear
041-152,fear
041-153,fear
041-154,fear
041-155,fear
041-156,fear
041-157,fear
041-158,fear
041-159,fear
041-160,fear
041-161,fear
041-162,fear
041-163,fear
041-164,fear
041-165,fear
041-166,fear
041-167,fear
041-168,fear
041-169,fear
041-170,fear
041-201,disgust
041-202,disgust
041-203,disgust
041-204,disgust
041-205,disgust
041-206,disgust
041-207,disgust
041-208,disgust
041-209,disgust
041-210,disgust
041-211,disgust
041-212,disgust
041-213,disgust
041-214,disgust
041-215,disgust
041-216,disgust
041-217,disgust
041-218,disgust
041-219,disgust
041-220,disgust
041-251,anger
041-252,anger
041-253,anger
041-254,anger
041-255,anger
041-256,anger
041-257,anger
041-258,anger
041-259,anger
041-260,anger
041-261,anger
041-262,anger
041-263,anger
041-264,anger
041-265,anger
041-266,anger
041-267,anger
041-268,anger
041-269,anger
041-270,anger
041-301,sadness
041-302,sadness
041-303,sadness
041-304,sadness
041-305,sadness
041-306,sadness
041-307,sadness
041-308,sadness
041-309,sadness
041-310,sadness
041-311,sadness
041-312,sadness
041-313,sadness
041-314,sadness
041-315,sadness
041-316,sadness
041-317,sadness
041-318,sadness
041-319,sadness
041-320,sadness
042-021,happiness
042-022,happiness
042-023,happiness
042-024,happiness
042-025,happiness
042-026,happiness
042-027,happiness
042-028,happiness
042-029,happiness
042-030,happiness
042-031,happiness
042-032,happiness
042-033,happiness
042-034,happiness
042-035,happiness
042-071,surprise
042-072,surprise
042-073,surprise
042-074,surprise
042-075,surprise
042-076,surprise
042-077,surprise
042-079,surprise
042-080,surprise
042-081,surprise
042-082,surprise
042-083,surprise
042-084,surprise
042-085,surprise
042-121,neutral
042-122,neutral
042-123,neutral
042-124,neutral
042-125,neutral
042-126,neutral
042-127,neutral
042-128,neutral
042-129,neutral
042-130,neutral
042-131,neutral
042-132,neutral
042-133,neutral
042-134,neutral
042-135,neutral
042-171,fear
042-172,fear
042-173,fear
042-174,fear
042-175,fear
042-176,fear
042-177,fear
042-178,fear
042-179,fear
042-181,fear
042-182,fear
042-184,fear
042-185,fear
042-186,fear
042-187,fear
042-221,disgust
042-222,disgust
042-223,disgust
042-224,disgust
042-225,disgust
042-226,disgust
042-227,disgust
042-228,disgust
042-229,disgust
042-230,disgust
042-231,disgust
042-232,disgust
042-233,disgust
042-234,disgust
042-235,disgust
042-271,anger
042-272,anger
042-273,anger
042-274,anger
042-275,anger
042-276,anger
042-277,anger
042-278,anger
042-279,anger
042-280,anger
042-281,anger
042-282,anger
042-283,anger
042-284,anger
042-285,anger
042-321,sadness
042-322,sadness
042-323,sadness
042-324,sadness
042-325,sadness
042-326,sadness
042-327,sadness
042-328,sadness
042-329,sadness
042-330,sadness
042-331,sadness
042-332,sadness
042-333,sadness
042-334,sadness
042-335,sadness
043-036,happiness
043-037,happiness
043-038,happiness
043-039,happiness
043-040,happiness
043-041,happiness
043-042,happiness
043-043,happiness
043-044,happiness
043-045,happiness
043-046,happiness
043-047,happiness
043-048,happiness
043-049,happiness
043-050,happiness
043-085,surprise
043-086,surprise
043-087,surprise
043-088,surprise
043-089,surprise
043-090,surprise
043-091,surprise
043-092,surprise
043-093,surprise
043-094,surprise
043-095,surprise
043-096,surprise
043-097,surprise
043-098,surprise
043-099,surprise
043-136,neutral
043-137,neutral
043-138,neutral
043-139,neutral
043-140,neutral
043-141,neutral
043-142,neutral
043-143,neutral
043-144,neutral
043-145,neutral
043-146,neutral
043-147,neutral
043-148,neutral
043-149,neutral
043-150,neutral
043-186,fear
043-187,fear
043-188,fear
043-189,fear
043-190,fear
043-191,fear
043-192,fear
043-193,fear
043-194,fear
043-195,fear
043-196,fear
043-197,fear
043-198,fear
043-199,fear
043-200,fear
043-236,disgust
043-237,disgust
043-238,disgust
043-239,disgust
043-240,disgust
043-241,disgust
043-242,disgust
043-243,disgust
043-244,disgust
043-245,disgust
043-246,disgust
043-247,disgust
043-248,disgust
043-249,disgust
043-250,disgust
043-286,anger
043-287,anger
043-288,anger
043-289,anger
043-290,anger
043-291,anger
043-292,anger
043-293,anger
043-294,anger
043-295,anger
043-296,anger
043-297,anger
043-298,anger
043-299,anger
043-300,anger
043-302,sadness
043-310,sadness
043-336,sadness
043-337,sadness
043-338,sadness
043-339,sadness
043-340,sadness
043-341,sadness
043-342,sadness
043-343,sadness
043-344,sadness
043-345,sadness
043-346,sadness
043-347,sadness
043-348,sadness
044-001,happiness
044-002,happiness
044-003,happiness
044-004,happiness
044-005,happiness
044-006,happiness
044-007,happiness
044-008,happiness
044-009,happiness
044-010,happiness
044-011,happiness
044-012,happiness
044-013,happiness
044-014,happiness
044-015,happiness
044-051,surprise
044-052,surprise
044-053,surprise
044-054,surprise
044-055,surprise
044-056,surprise
044-057,surprise
044-058,surprise
044-059,surprise
044-060,surprise
044-061,surprise
044-062,surprise
044-063,surprise
044-064,surprise
044-065,surprise
044-101,neutral
044-102,neutral
044-103,neutral
044-104,neutral
044-105,neutral
044-106,neutral
044-107,neutral
044-108,neutral
044-109,neutral
044-110,neutral
044-111,neutral
044-112,neutral
044-113,neutral
044-114,neutral
044-115,neutral
044-151,fear
044-152,fear
044-153,fear
044-154,fear
044-155,fear
044-156,fear
044-157,fear
044-158,fear
044-159,fear
044-160,fear
044-161,fear
044-162,fear
044-163,fear
044-164,fear
044-165,fear
044-201,disgust
044-202,disgust
044-203,disgust
044-204,disgust
044-205,disgust
044-206,disgust
044-207,disgust
044-208,disgust
044-209,disgust
044-210,disgust
044-211,disgust
044-212,disgust
044-213,disgust
044-214,disgust
044-215,disgust
044-251,anger
044-252,anger
044-253,anger
044-254,anger
044-255,anger
044-256,anger
044-257,anger
044-258,anger
044-259,anger
044-260,anger
044-261,anger
044-262,anger
044-263,anger
044-264,anger
044-266,anger
044-301,sadness
044-302,sadness
044-303,sadness
044-304,sadness
044-305,sadness
044-306,sadness
044-307,sadness
044-308,sadness
044-309,sadness
044-310,sadness
044-311,sadness
044-312,sadness
044-313,sadness
044-314,sadness
044-315,sadness
045-016,happiness
045-017,happiness
045-018,happiness
045-019,happiness
045-020,happiness
045-021,happiness
045-022,happiness
045-023,happiness
045-024,happiness
045-025,happiness
045-026,happiness
045-027,happiness
045-028,happiness
045-029,happiness
045-030,happiness
045-066,surprise
045-067,surprise
045-068,surprise
045-069,surprise
045-070,surprise
045-071,surprise
045-072,surprise
045-073,surprise
045-074,surprise
045-075,surprise
045-076,surprise
045-077,surprise
045-078,surprise
045-079,surprise
045-080,surprise
045-116,neutral
045-117,neutral
045-118,neutral
045-119,neutral
045-120,neutral
045-121,neutral
045-122,neutral
045-123,neutral
045-124,neutral
045-125,neutral
045-126,neutral
045-127,neutral
045-128,neutral
045-129,neutral
045-130,neutral
045-166,fear
045-167,fear
045-168,fear
045-169,fear
045-170,fear
045-171,fear
045-172,fear
045-173,fear
045-174,fear
045-175,fear
045-176,fear
045-177,fear
045-178,fear
045-179,fear
045-180,fear
045-216,disgust
045-217,disgust
045-218,disgust
045-219,disgust
045-220,disgust
045-221,disgust
045-222,disgust
045-223,disgust
045-224,disgust
045-225,disgust
045-226,disgust
045-227,disgust
045-228,disgust
045-229,disgust
045-230,disgust
045-266,anger
045-267,anger
045-268,anger
045-269,anger
045-270,anger
045-271,anger
045-272,anger
045-273,anger
045-274,anger
045-275,anger
045-276,anger
045-277,anger
045-278,anger
045-279,anger
045-280,anger
045-316,sadness
045-317,sadness
045-318,sadness
045-319,sadness
045-320,sadness
045-321,sadness
045-322,sadness
045-323,sadness
045-324,sadness
045-325,sadness
045-326,sadness
045-327,sadness
045-328,sadness
045-329,sadness
045-330,sadness
046-031,happiness
046-032,happiness
046-033,happiness
046-034,happiness
046-035,happiness
046-036,happiness
046-037,happiness
046-038,happiness
046-039,happiness
046-040,happiness
046-041,happiness
046-042,happiness
046-043,happiness
046-044,happiness
046-045,happiness
046-081,surprise
046-082,surprise
046-083,surprise
046-084,surprise
046-085,surprise
046-086,surprise
046-087,surprise
046-088,surprise
046-089,surprise
046-090,surprise
046-091,surprise
046-092,surprise
046-093,surprise
046-094,surprise
046-095,surprise
046-131,neutral
046-132,neutral
046-133,neutral
046-134,neutral
046-135,neutral
046-136,neutral
046-137,neutral
046-138,neutral
046-139,neutral
046-140,neutral
046-141,neutral
046-142,neutral
046-143,neutral
046-144,neutral
046-145,neutral
046-181,fear
046-182,fear
046-184,fear
046-185,fear
046-186,fear
046-187,fear
046-188,fear
046-189,fear
046-190,fear
046-195,fear
046-231,disgust
046-232,disgust
046-233,disgust
046-234,disgust
046-235,disgust
046-236,disgust
046-237,disgust
046-238,disgust
046-239,disgust
046-240,disgust
046-281,anger
046-282,anger
046-283,anger
046-284,anger
046-285,anger
046-286,anger
046-287,anger
046-288,anger
046-289,anger
046-290,anger
046-331,sadness
046-332,sadness
046-333,sadness
046-334,sadness
046-335,sadness
046-336,sadness
046-337,sadness
046-338,sadness
046-339,sadness
046-340,sadness
047-001,happiness
047-002,happiness
047-003,happiness
047-004,happiness
047-005,happiness
047-006,happiness
047-007,happiness
047-008,happiness
047-009,happiness
047-010,happiness
047-011,happiness
047-012,happiness
047-013,happiness
047-014,happiness
047-015,happiness
047-016,happiness
047-017,happiness
047-018,happiness
047-019,happiness
047-020,happiness
047-021,happiness
047-022,happiness
047-023,happiness
047-024,happiness
047-025,happiness
047-051,surprise
047-052,surprise
047-053,surprise
047-054,surprise
047-055,surprise
047-056,surprise
047-057,surprise
047-058,surprise
047-059,surprise
047-060,surprise
047-061,surprise
047-062,surprise
047-063,surprise
047-064,surprise
047-065,surprise
047-066,surprise
047-067,surprise
047-068,surprise
047-069,surprise
047-070,surprise
047-071,surprise
047-072,surprise
047-073,surprise
047-074,surprise
047-075,surprise
047-101,neutral
047-102,neutral
047-103,neutral
047-104,neutral
047-105,neutral
047-106,neutral
047-107,neutral
047-108,neutral
047-109,neutral
047-110,neutral
047-111,neutral
047-112,neutral
047-113,neutral
047-114,neutral
047-115,neutral
047-116,neutral
047-117,neutral
047-118,neutral
047-119,neutral
047-120,neutral
047-121,neutral
047-122,neutral
047-123,neutral
047-124,neutral
047-125,neutral
047-151,fear
047-152,fear
047-153,fear
047-154,fear
047-155,fear
047-156,fear
047-157,fear
047-158,fear
047-159,fear
047-160,fear
047-161,fear
047-162,fear
047-163,fear
047-164,fear
047-165,fear
047-166,fear
047-167,fear
047-168,fear
047-169,fear
047-170,fear
047-171,fear
047-172,fear
047-173,fear
047-174,fear
047-175,fear
047-201,disgust
047-202,disgust
047-203,disgust
047-204,disgust
047-205,disgust
047-206,disgust
047-207,disgust
047-208,disgust
047-209,disgust
047-210,disgust
047-211,disgust
047-212,disgust
047-213,disgust
047-214,disgust
047-215,disgust
047-216,disgust
047-217,disgust
047-218,disgust
047-219,disgust
047-220,disgust
047-221,disgust
047-222,disgust
047-223,disgust
047-224,disgust
047-225,disgust
047-251,anger
047-252,anger
047-253,anger
047-254,anger
047-255,anger
047-256,anger
047-257,anger
047-258,anger
047-259,anger
047-260,anger
047-261,anger
047-262,anger
047-263,anger
047-264,anger
047-265,anger
047-266,anger
047-267,anger
047-268,anger
047-269,anger
047-270,anger
047-271,anger
047-272,anger
047-273,anger
047-274,anger
047-275,anger
047-301,sadness
047-302,sadness
047-303,sadness
047-304,sadness
047-305,sadness
047-306,sadness
047-307,sadness
047-308,sadness
047-309,sadness
047-310,sadness
047-311,sadness
047-312,sadness
047-313,sadness
047-314,sadness
047-315,sadness
047-316,sadness
047-317,sadness
047-318,sadness
047-319,sadness
047-320,sadness
047-321,sadness
047-322,sadness
047-323,sadness
047-324,sadness
047-325,sadness
048-026,happiness
048-027,happiness
048-028,happiness
048-029,happiness
048-030,happiness
048-031,happiness
048-032,happiness
048-033,happiness
048-034,happiness
048-035,happiness
048-036,happiness
048-037,happiness
048-038,happiness
048-039,happiness
048-040,happiness
048-041,happiness
048-042,happiness
048-043,happiness
048-076,surprise
048-077,surprise
048-078,surprise
048-079,surprise
048-080,surprise
048-081,surprise
048-082,surprise
048-083,surprise
048-084,surprise
048-085,surprise
048-086,surprise
048-087,surprise
048-088,surprise
048-089,surprise
048-090,surprise
048-091,surprise
048-092,surprise
048-093,surprise
048-126,neutral
048-127,neutral
048-128,neutral
048-129,neutral
048-130,neutral
048-131,neutral
048-132,neutral
048-133,neutral
048-134,neutral
048-135,neutral
048-136,neutral
048-137,neutral
048-138,neutral
048-139,neutral
048-140,neutral
048-141,neutral
048-142,neutral
048-143,neutral
048-175,fear
048-176,fear
048-177,fear
048-178,fear
048-179,fear
048-181,fear
048-182,fear
048-183,fear
048-184,fear
048-185,fear
048-186,fear
048-187,fear
048-188,fear
048-189,fear
048-190,fear
048-191,fear
048-192,fear
048-193,fear
048-226,disgust
048-227,disgust
048-228,disgust
048-229,disgust
048-230,disgust
048-231,disgust
048-232,disgust
048-233,disgust
048-234,disgust
048-235,disgust
048-236,disgust
048-237,disgust
048-238,disgust
048-239,disgust
048-240,disgust
048-241,disgust
048-242,disgust
048-243,disgust
048-276,anger
048-277,anger
048-278,anger
048-279,anger
048-280,anger
048-281,anger
048-282,anger
048-283,anger
048-284,anger
048-285,anger
048-286,anger
048-287,anger
048-288,anger
048-289,anger
048-290,anger
048-291,anger
048-292,anger
048-293,anger
048-326,sadness
048-327,sadness
048-328,sadness
048-329,sadness
048-330,sadness
048-331,sadness
048-332,sadness
048-333,sadness
048-334,sadness
048-335,sadness
048-336,sadness
048-337,sadness
048-338,sadness
048-339,sadness
048-340,sadness
048-341,sadness
048-342,sadness
048-343,sadness
049-001,happiness
049-002,happiness
049-003,happiness
049-004,happiness
049-005,happiness
049-041,happiness
049-042,happiness
049-043,happiness
049-044,happiness
049-045,happiness
049-046,happiness
049-047,happiness
049-048,happiness
049-049,happiness
049-050,happiness
049-051,surprise
049-052,surprise
049-053,surprise
049-054,surprise
049-055,surprise
049-090,surprise
049-091,surprise
049-092,surprise
049-093,surprise
049-094,surprise
049-095,surprise
049-096,surprise
049-097,surprise
049-098,surprise
049-099,surprise
049-101,neutral
049-102,neutral
049-103,neutral
049-104,neutral
049-105,neutral
049-141,neutral
049-142,neutral
049-143,neutral
049-144,neutral
049-145,neutral
049-146,neutral
049-147,neutral
049-148,neutral
049-149,neutral
049-150,neutral
049-151,fear
049-152,fear
049-153,fear
049-154,fear
049-155,fear
049-191,fear
049-192,fear
049-193,fear
049-194,fear
049-195,fear
049-196,fear
049-197,fear
049-198,fear
049-199,fear
049-200,fear
049-201,disgust
049-202,disgust
049-203,disgust
049-204,disgust
049-205,disgust
049-241,disgust
049-242,disgust
049-243,disgust
049-244,disgust
049-245,disgust
049-246,disgust
049-247,disgust
049-248,disgust
049-249,disgust
049-250,disgust
049-251,anger
049-252,anger
049-253,anger
049-254,anger
049-255,anger
049-291,anger
049-292,anger
049-293,anger
049-294,anger
049-295,anger
049-296,anger
049-297,anger
049-298,anger
049-299,anger
049-300,anger
049-301,sadness
049-302,sadness
049-303,sadness
049-304,sadness
049-305,sadness
049-336,sadness
049-341,sadness
049-342,sadness
049-343,sadness
049-344,sadness
049-345,sadness
049-346,sadness
049-347,sadness
049-348,sadness
049-350,sadness
090-036,happiness
090-037,happiness
090-038,happiness
090-039,happiness
090-040,happiness
090-041,happiness
090-042,happiness
090-043,happiness
090-044,happiness
090-045,happiness
090-046,happiness
090-047,happiness
090-048,happiness
090-049,happiness
090-050,happiness
090-080,surprise
090-086,surprise
090-087,surprise
090-088,surprise
090-089,surprise
090-090,surprise
090-091,surprise
090-092,surprise
090-093,surprise
090-094,surprise
090-095,surprise
090-096,surprise
090-097,surprise
090-098,surprise
090-099,surprise
090-136,neutral
090-137,neutral
090-138,neutral
090-139,neutral
090-140,neutral
090-141,neutral
090-142,neutral
090-143,neutral
090-144,neutral
090-145,neutral
090-146,neutral
090-147,neutral
090-148,neutral
090-149,neutral
090-150,neutral
090-186,fear
090-187,fear
090-188,fear
090-189,fear
090-190,fear
090-191,fear
090-192,fear
090-193,fear
090-194,fear
090-195,fear
090-196,fear
090-197,fear
090-198,fear
090-199,fear
090-200,fear
090-236,disgust
090-237,disgust
090-238,disgust
090-239,disgust
090-240,disgust
090-241,disgust
090-242,disgust
090-243,disgust
090-244,disgust
090-245,disgust
090-246,disgust
090-247,disgust
090-248,disgust
090-249,disgust
090-250,disgust
090-286,anger
090-287,anger
090-288,anger
090-289,anger
090-290,anger
090-291,anger
090-292,anger
090-293,anger
090-294,anger
090-295,anger
090-296,anger
090-297,anger
090-298,anger
090-299,anger
090-300,anger
090-336,sadness
090-337,sadness
090-338,sadness
090-339,sadness
090-340,sadness
090-341,sadness
090-342,sadness
090-343,sadness
090-344,sadness
090-345,sadness
090-346,sadness
090-347,sadness
090-348,sadness
090-349,sadness
090-350,sadness
091-001,happiness
091-002,happiness
091-003,happiness
091-004,happiness
091-005,happiness
091-006,happiness
091-007,happiness
091-008,happiness
091-009,happiness
091-010,happiness
091-011,happiness
091-012,happiness
091-013,happiness
091-014,happiness
091-015,happiness
091-051,surprise
091-052,surprise
091-053,surprise
091-054,surprise
091-055,surprise
091-056,surprise
091-057,surprise
091-058,surprise
091-059,surprise
091-060,surprise
091-061,surprise
091-062,surprise
091-063,surprise
091-064,surprise
091-065,surprise
091-101,neutral
091-102,neutral
091-103,neutral
091-104,neutral
091-105,neutral
091-106,neutral
091-107,neutral
091-108,neutral
091-109,neutral
091-110,neutral
091-111,neutral
091-112,neutral
091-113,neutral
091-114,neutral
091-115,neutral
091-151,fear
091-152,fear
091-153,fear
091-154,fear
091-155,fear
091-156,fear
091-157,fear
091-158,fear
091-159,fear
091-160,fear
091-161,fear
091-162,fear
091-163,fear
091-164,fear
091-165,fear
091-201,disgust
091-202,disgust
091-203,disgust
091-204,disgust
091-205,disgust
091-206,disgust
091-207,disgust
091-208,disgust
091-209,disgust
091-210,disgust
091-211,disgust
091-212,disgust
091-213,disgust
091-214,disgust
091-215,disgust
091-251,anger
091-252,anger
091-253,anger
091-254,anger
091-255,anger
091-256,anger
091-257,anger
091-258,anger
091-259,anger
091-260,anger
091-261,anger
091-262,anger
091-263,anger
091-264,anger
091-266,anger
091-301,sadness
091-302,sadness
091-303,sadness
091-304,sadness
091-305,sadness
091-306,sadness
091-307,sadness
091-308,sadness
091-309,sadness
091-310,sadness
091-311,sadness
091-312,sadness
091-313,sadness
091-314,sadness
091-315,sadness
092-016,happiness
092-017,happiness
092-018,happiness
092-019,happiness
092-020,happiness
092-021,happiness
092-022,happiness
092-023,happiness
092-024,happiness
092-025,happiness
092-026,happiness
092-027,happiness
092-028,happiness
092-029,happiness
092-030,happiness
092-066,surprise
092-067,surprise
092-068,surprise
092-069,surprise
092-070,surprise
092-071,surprise
092-072,surprise
092-073,surprise
092-074,surprise
092-075,surprise
092-076,surprise
092-077,surprise
092-078,surprise
092-079,surprise
092-080,surprise
092-116,neutral
092-117,neutral
092-118,neutral
092-119,neutral
092-120,neutral
092-121,neutral
092-122,neutral
092-123,neutral
092-124,neutral
092-125,neutral
092-126,neutral
092-127,neutral
092-128,neutral
092-129,neutral
092-130,neutral
092-166,fear
092-167,fear
092-168,fear
092-169,fear
092-170,fear
092-171,fear
092-172,fear
092-173,fear
092-174,fear
092-175,fear
092-176,fear
092-177,fear
092-178,fear
092-179,fear
092-180,fear
092-216,disgust
092-217,disgust
092-218,disgust
092-219,disgust
092-220,disgust
092-221,disgust
092-222,disgust
092-223,disgust
092-224,disgust
092-225,disgust
092-226,disgust
092-227,disgust
092-228,disgust
092-229,disgust
092-230,disgust
092-266,anger
092-267,anger
092-268,anger
092-269,anger
092-270,anger
092-271,anger
092-272,anger
092-273,anger
092-274,anger
092-275,anger
092-276,anger
092-277,anger
092-278,anger
092-279,anger
092-280,anger
092-316,sadness
092-317,sadness
092-318,sadness
092-319,sadness
092-320,sadness
092-321,sadness
092-322,sadness
092-323,sadness
092-324,sadness
092-325,sadness
092-326,sadness
092-327,sadness
092-328,sadness
092-329,sadness
092-330,sadness
093-031,happiness
093-032,happiness
093-033,happiness
093-034,happiness
093-035,happiness
093-036,happiness
093-037,happiness
093-038,happiness
093-039,happiness
093-040,happiness
093-041,happiness
093-042,happiness
093-043,happiness
093-044,happiness
093-045,happiness
093-081,surprise
093-082,surprise
093-083,surprise
093-084,surprise
093-085,surprise
093-086,surprise
093-087,surprise
093-088,surprise
093-089,surprise
093-090,surprise
093-091,surprise
093-092,surprise
093-093,surprise
093-094,surprise
093-095,surprise
093-131,neutral
093-132,neutral
093-133,neutral
093-134,neutral
093-135,neutral
093-136,neutral
093-137,neutral
093-138,neutral
093-139,neutral
093-140,neutral
093-141,neutral
093-142,neutral
093-143,neutral
093-144,neutral
093-145,neutral
093-181,fear
093-182,fear
093-183,fear
093-184,fear
093-185,fear
093-186,fear
093-187,fear
093-188,fear
093-189,fear
093-190,fear
093-191,fear
093-192,fear
093-193,fear
093-194,fear
093-195,fear
093-231,disgust
093-232,disgust
093-233,disgust
093-234,disgust
093-235,disgust
093-236,disgust
093-237,disgust
093-238,disgust
093-239,disgust
093-240,disgust
093-241,disgust
093-242,disgust
093-243,disgust
093-244,disgust
093-245,disgust
093-281,anger
093-282,anger
093-283,anger
093-284,anger
093-285,anger
093-286,anger
093-287,anger
093-288,anger
093-289,anger
093-290,anger
093-291,anger
093-292,anger
093-293,anger
093-294,anger
093-295,anger
093-331,sadness
093-332,sadness
093-333,sadness
093-334,sadness
093-335,sadness
093-336,sadness
093-337,sadness
093-338,sadness
093-339,sadness
093-340,sadness
093-341,sadness
093-342,sadness
093-343,sadness
093-344,sadness
093-345,sadness
094-001,happiness
094-002,happiness
094-003,happiness
094-004,happiness
094-005,happiness
094-006,happiness
094-007,happiness
094-008,happiness
094-009,happiness
094-010,happiness
094-046,happiness
094-047,happiness
094-048,happiness
094-049,happiness
094-050,happiness
094-051,surprise
094-052,surprise
094-053,surprise
094-054,surprise
094-055,surprise
094-056,surprise
094-057,surprise
094-058,surprise
094-059,surprise
094-060,surprise
094-095,surprise
094-096,surprise
094-097,surprise
094-098,surprise
094-099,surprise
094-101,neutral
094-102,neutral
094-103,neutral
094-104,neutral
094-105,neutral
094-106,neutral
094-107,neutral
094-108,neutral
094-109,neutral
094-110,neutral
094-146,neutral
094-147,neutral
094-148,neutral
094-149,neutral
094-150,neutral
094-151,fear
094-152,fear
094-153,fear
094-154,fear
094-155,fear
094-156,fear
094-157,fear
094-158,fear
094-159,fear
094-160,fear
094-196,fear
094-197,fear
094-198,fear
094-199,fear
094-200,fear
094-201,disgust
094-202,disgust
094-203,disgust
094-204,disgust
094-205,disgust
094-206,disgust
094-207,disgust
094-208,disgust
094-209,disgust
094-210,disgust
094-246,disgust
094-247,disgust
094-248,disgust
094-249,disgust
094-250,disgust
094-251,anger
094-252,anger
094-253,anger
094-254,anger
094-255,anger
094-256,anger
094-257,anger
094-258,anger
094-259,anger
094-260,anger
094-296,anger
094-297,anger
094-298,anger
094-299,anger
094-300,anger
094-301,sadness
094-302,sadness
094-303,sadness
094-304,sadness
094-305,sadness
094-306,sadness
094-307,sadness
094-308,sadness
094-309,sadness
094-310,sadness
094-346,sadness
094-347,sadness
094-348,sadness
094-349,sadness
094-350,sadness
095-011,happiness
095-012,happiness
095-013,happiness
095-014,happiness
095-015,happiness
095-016,happiness
095-017,happiness
095-018,happiness
095-019,happiness
095-020,happiness
095-021,happiness
095-022,happiness
095-023,happiness
095-024,happiness
095-025,happiness
095-061,surprise
095-062,surprise
095-063,surprise
095-064,surprise
095-065,surprise
095-066,surprise
095-067,surprise
095-068,surprise
095-069,surprise
095-070,surprise
095-071,surprise
095-072,surprise
095-073,surprise
095-074,surprise
095-075,surprise
095-111,neutral
095-112,neutral
095-113,neutral
095-114,neutral
095-115,neutral
095-116,neutral
095-117,neutral
095-118,neutral
095-119,neutral
095-120,neutral
095-121,neutral
095-122,neutral
095-123,neutral
095-124,neutral
095-125,neutral
095-161,fear
095-162,fear
095-163,fear
095-164,fear
095-165,fear
095-166,fear
095-167,fear
095-168,fear
095-169,fear
095-170,fear
095-171,fear
095-172,fear
095-173,fear
095-174,fear
095-175,fear
095-211,disgust
095-212,disgust
095-213,disgust
095-214,disgust
095-215,disgust
095-216,disgust
095-217,disgust
095-218,disgust
095-219,disgust
095-220,disgust
095-221,disgust
095-222,disgust
095-223,disgust
095-224,disgust
095-225,disgust
095-261,anger
095-262,anger
095-263,anger
095-264,anger
095-265,anger
095-266,anger
095-267,anger
095-268,anger
095-269,anger
095-270,anger
095-271,anger
095-272,anger
095-273,anger
095-274,anger
095-275,anger
095-311,sadness
095-312,sadness
095-313,sadness
095-314,sadness
095-315,sadness
095-316,sadness
095-317,sadness
095-318,sadness
095-319,sadness
095-320,sadness
095-321,sadness
095-322,sadness
095-323,sadness
095-324,sadness
095-325,sadness
096-026,happiness
096-027,happiness
096-028,happiness
096-029,happiness
096-030,happiness
096-031,happiness
096-032,happiness
096-033,happiness
096-034,happiness
096-035,happiness
096-036,happiness
096-037,happiness
096-038,happiness
096-039,happiness
096-040,happiness
096-076,surprise
096-077,surprise
096-078,surprise
096-079,surprise
096-080,surprise
096-081,surprise
096-082,surprise
096-083,surprise
096-084,surprise
096-085,surprise
096-086,surprise
096-087,surprise
096-088,surprise
096-089,surprise
096-090,surprise
096-126,neutral
096-127,neutral
096-128,neutral
096-129,neutral
096-130,neutral
096-131,neutral
096-132,neutral
096-133,neutral
096-134,neutral
096-135,neutral
096-136,neutral
096-137,neutral
096-138,neutral
096-139,neutral
096-140,neutral
096-176,fear
096-177,fear
096-178,fear
096-179,fear
096-180,fear
096-181,fear
096-182,fear
096-183,fear
096-184,fear
096-185,fear
096-186,fear
096-187,fear
096-188,fear
096-189,fear
096-190,fear
096-226,disgust
096-227,disgust
096-228,disgust
096-229,disgust
096-230,disgust
096-231,disgust
096-232,disgust
096-233,disgust
096-234,disgust
096-235,disgust
096-236,disgust
096-237,disgust
096-238,disgust
096-239,disgust
096-240,disgust
096-276,anger
096-277,anger
096-278,anger
096-279,anger
096-280,anger
096-281,anger
096-282,anger
096-283,anger
096-284,anger
096-285,anger
096-286,anger
096-287,anger
096-288,anger
096-289,anger
096-300,anger
096-326,sadness
096-327,sadness
096-328,sadness
096-329,sadness
096-330,sadness
096-331,sadness
096-332,sadness
096-333,sadness
096-334,sadness
096-335,sadness
096-336,sadness
096-337,sadness
096-338,sadness
096-339,sadness
096-340,sadness
097-001,happiness
097-002,happiness
097-003,happiness
097-004,happiness
097-005,happiness
097-041,happiness
097-042,happiness
097-043,happiness
097-044,happiness
097-045,happiness
097-046,happiness
097-047,happiness
097-048,happiness
097-049,happiness
097-050,happiness
097-051,surprise
097-052,surprise
097-053,surprise
097-054,surprise
097-055,surprise
097-090,surprise
097-091,surprise
097-092,surprise
097-093,surprise
097-094,surprise
097-095,surprise
097-096,surprise
097-097,surprise
097-098,surprise
097-099,surprise
097-101,neutral
097-102,neutral
097-103,neutral
097-104,neutral
097-105,neutral
097-141,neutral
097-142,neutral
097-143,neutral
097-144,neutral
097-145,neutral
097-146,neutral
097-147,neutral
097-148,neutral
097-149,neutral
097-150,neutral
097-151,fear
097-152,fear
097-153,fear
097-154,fear
097-155,fear
097-191,fear
097-192,fear
097-193,fear
097-194,fear
097-195,fear
097-196,fear
097-197,fear
097-198,fear
097-199,fear
097-200,fear
097-201,disgust
097-202,disgust
097-203,disgust
097-204,disgust
097-205,disgust
097-241,disgust
097-242,disgust
097-243,disgust
097-244,disgust
097-245,disgust
097-246,disgust
097-247,disgust
097-248,disgust
097-249,disgust
097-250,disgust
097-251,anger
097-252,anger
097-253,anger
097-254,anger
097-255,anger
097-291,anger
097-292,anger
097-293,anger
097-294,anger
097-295,anger
097-296,anger
097-297,anger
097-298,anger
097-299,anger
097-300,anger
097-301,sadness
097-302,sadness
097-303,sadness
097-304,sadness
097-305,sadness
097-306,sadness
097-309,sadness
097-341,sadness
097-342,sadness
097-343,sadness
097-344,sadness
097-345,sadness
097-346,sadness
097-347,sadness
097-348,sadness
098-006,happiness
098-007,happiness
098-008,happiness
098-009,happiness
098-010,happiness
098-011,happiness
098-012,happiness
098-013,happiness
098-014,happiness
098-015,happiness
098-016,happiness
098-017,happiness
098-018,happiness
098-019,happiness
098-020,happiness
098-056,surprise
098-057,surprise
098-058,surprise
098-059,surprise
098-060,surprise
098-061,surprise
098-062,surprise
098-063,surprise
098-064,surprise
098-065,surprise
098-066,surprise
098-067,surprise
098-068,surprise
098-069,surprise
098-070,surprise
098-106,neutral
098-107,neutral
098-108,neutral
098-109,neutral
098-110,neutral
098-111,neutral
098-112,neutral
098-113,neutral
098-114,neutral
098-115,neutral
098-116,neutral
098-117,neutral
098-118,neutral
098-119,neutral
098-120,neutral
098-156,fear
098-157,fear
098-158,fear
098-159,fear
098-160,fear
098-161,fear
098-162,fear
098-163,fear
098-164,fear
098-165,fear
098-166,fear
098-167,fear
098-168,fear
098-169,fear
098-170,fear
098-206,disgust
098-207,disgust
098-208,disgust
098-209,disgust
098-210,disgust
098-211,disgust
098-212,disgust
098-213,disgust
098-214,disgust
098-215,disgust
098-216,disgust
098-217,disgust
098-218,disgust
098-219,disgust
098-220,disgust
098-256,anger
098-257,anger
098-258,anger
098-259,anger
098-260,anger
098-261,anger
098-262,anger
098-263,anger
098-264,anger
098-265,anger
098-266,anger
098-267,anger
098-268,anger
098-269,anger
098-270,anger
098-306,sadness
098-307,sadness
098-308,sadness
098-309,sadness
098-310,sadness
098-311,sadness
098-312,sadness
098-313,sadness
098-314,sadness
098-315,sadness
098-316,sadness
098-317,sadness
098-318,sadness
098-319,sadness
098-320,sadness
099-021,happiness
099-022,happiness
099-023,happiness
099-024,happiness
099-025,happiness
099-026,happiness
099-027,happiness
099-028,happiness
099-029,happiness
099-030,happiness
099-031,happiness
099-032,happiness
099-033,happiness
099-034,happiness
099-035,happiness
099-071,surprise
099-072,surprise
099-073,surprise
099-074,surprise
099-075,surprise
099-076,surprise
099-077,surprise
099-078,surprise
099-079,surprise
099-080,surprise
099-081,surprise
099-082,surprise
099-083,surprise
099-084,surprise
099-085,surprise
099-121,neutral
099-122,neutral
099-123,neutral
099-124,neutral
099-125,neutral
099-126,neutral
099-127,neutral
099-128,neutral
099-129,neutral
099-130,neutral
099-131,neutral
099-132,neutral
099-133,neutral
099-134,neutral
099-135,neutral
099-170,fear
099-171,fear
099-172,fear
099-173,fear
099-174,fear
099-175,fear
099-176,fear
099-177,fear
099-178,fear
099-179,fear
099-181,fear
099-182,fear
099-183,fear
099-184,fear
099-185,fear
099-221,disgust
099-222,disgust
099-223,disgust
099-224,disgust
099-225,disgust
099-226,disgust
099-227,disgust
099-228,disgust
099-229,disgust
099-230,disgust
099-231,disgust
099-232,disgust
099-233,disgust
099-234,disgust
099-235,disgust
099-271,anger
099-272,anger
099-273,anger
099-274,anger
099-275,anger
099-276,anger
099-277,anger
099-278,anger
099-279,anger
099-280,anger
099-281,anger
099-282,anger
099-283,anger
099-284,anger
099-285,anger
099-321,sadness
099-322,sadness
099-323,sadness
099-324,sadness
099-325,sadness
099-326,sadness
099-327,sadness
099-328,sadness
099-329,sadness
099-330,sadness
099-331,sadness
099-332,sadness
099-333,sadness
099-334,sadness
099-335,sadness
